Qual a sua idade?,Em qual nível de escolaridade você se enquadra:,Sua principal ocupação hoje é:,Qual área melhor se adequa ao seu perfil:
17,Graduação,Acadêmica / Científica,Relações internacionais
20,Graduação,Acadêmica / Científica,Relações internacionais
19,Graduação,Acadêmica / Científica,Relações internacionais
32,Mestrado,Mercado / Profissional liberal,Relações internacionais
31,Graduação,Mercado / Profissional liberal,Relações internacionais
22,Graduação,Acadêmica / Científica,Economia
27,Especialização,Mercado / Profissional liberal,Administração de Empresas
80,Pós-doutorado,Acadêmica / Científica,Química
20,Graduação,Acadêmica / Científica,Relações internacionais
21,Graduação,Acadêmica / Científica,Administração Pública
22,Graduação,Acadêmica / Científica,Administração de Empresas
19,Graduação,Acadêmica / Científica,Ciência Política
25,Mestrado,Mercado / Profissional liberal,Relações internacionais
18,Graduação,Acadêmica / Científica,Relações internacionais
31,Mestrado,Mercado / Profissional liberal,Ciência Política
19,Graduação,Acadêmica / Científica,Relações internacionais
18,Graduação,Acadêmica / Científica,Relações internacionais
34,Graduação,Mercado / Profissional liberal,Direito
29,Especialização,Mercado / Profissional liberal,Finanças corporativa
21,Graduação,Mercado / Profissional liberal,Economia
26,Especialização,Mercado / Profissional liberal,Relações internacionais
25,Mestrado,Acadêmica / Científica,Relações internacionais
26,Especialização,Mercado / Profissional liberal,Ciência Política
19,Graduação,Acadêmica / Científica,Relações internacionais
17,Graduação,Acadêmica / Científica,Relações internacionais
32,Especialização,Mercado / Profissional liberal,Jornalismo
18,Graduação,Acadêmica / Científica,Relações internacionais
28,Mestrado,Acadêmica / Científica,Relações internacionais
18,Graduação,Acadêmica / Científica,Matemática
19,Graduação,Acadêmica / Científica,Relações internacionais
23,Graduação,Acadêmica / Científica,Ciência Política
28,Doutorado,Acadêmica / Científica,Relações internacionais
25,Mestrado,Mercado / Profissional liberal,Relações internacionais
20,Graduação,Acadêmica / Científica,Relações internacionais
36,Especialização,Acadêmica / Científica,Administração Pública
19,Graduação,Acadêmica / Científica,Relações internacionais
61,Doutorado,Acadêmica / Científica,Direito
20,Graduação,Acadêmica / Científica,Relações internacionais
20,Graduação,Acadêmica / Científica,Ciências Sociais
21,Graduação,Mercado / Profissional liberal,Relações internacionais
35,Doutorado,Mercado / Profissional liberal,Direito
21,Graduação,Acadêmica / Científica,Direito
23,Graduação,Mercado / Profissional liberal,Administração Pública
22,Graduação,Acadêmica / Científica,Relações internacionais
31,Graduação,Acadêmica / Científica,Relações internacionais
33,Mestrado,Mercado / Profissional liberal,Relações internacionais
25,Mestrado,Acadêmica / Científica,Administração Pública
34,Especialização,Acadêmica / Científica,Relações internacionais
51,Mestrado,Mercado / Profissional liberal,Administração Pública
19,Graduação,Acadêmica / Científica,Relações internacionais
37,Mestrado,Mercado / Profissional liberal,Economia
19,Graduação,Acadêmica / Científica,Direito
22,Graduação,Acadêmica / Científica,Relações internacionais
20,Graduação,Acadêmica / Científica,Relações internacionais
